{"train_loss": [0.3443768052226406, 0.15909505774409083, 0.1381163501764758, 0.11563962047635498, 0.11546040762026431, 0.10084378312073522, 0.09732263974087724, 0.08718712577375315, 0.08115471053426548, 0.07487617502525701, 0.07191473343488523, 0.07160740696146327, 0.06159816190631966, 0.06301897573995136, 0.0665929457488454, 0.06177381931220071, 0.05771753548691839, 0.04623684182889381, 0.04821615889905242, 0.04707635847567502], "val_loss": [0.17193904419740041, 0.14167779833078384, 0.13089983736475308, 0.11272532815734546, 0.11112841616074244, 0.10770315602421761, 0.11627951587239901, 0.09149823486804962, 0.08792704244454702, 0.08235255566736062, 0.12380787084499995, 0.0824291817843914, 0.08579996041953564, 0.07848714931557575, 0.10325345508754254, 0.08717172176887591, 0.0752156352934738, 0.07595898980895678, 0.08661511428654194, 0.10534552230189244], "train_acc": [0.8467870419543282, 0.9426447158789166, 0.9455655868295274, 0.958842272968667, 0.9564524694636218, 0.9614976101964949, 0.9670738183749337, 0.9697291556027615, 0.9697291556027615, 0.9742432288900691, 0.9742432288900691, 0.9774296335634626, 0.9790228359001594, 0.9787573021773766, 0.975570897503983, 0.9766330323951142, 0.9782262347318109, 0.9851301115241635, 0.9830058417419012, 0.9848645778013808], "val_acc": [0.9331210191082803, 0.940552016985138, 0.9511677282377919, 0.9490445859872612, 0.9554140127388535, 0.9596602972399151, 0.9596602972399151, 0.9628450106157113, 0.964968152866242, 0.9681528662420382, 0.9522292993630573, 0.9713375796178344, 0.9681528662420382, 0.970276008492569, 0.964968152866242, 0.9670912951167728, 0.970276008492569, 0.9723991507430998, 0.9670912951167728, 0.964968152866242]}